rendered/data/cube_green/shot_0.png	1	145	53.5	305	213.5
rendered/data/cube_green/shot_1.png	1	148	53.5	308	213.5
rendered/data/cube_green/shot_2.png	1	170	64.5	330	224.5
rendered/data/cube_green/shot_3.png	1	169	69.5	329	229.5
rendered/data/cube_green/shot_4.png	1	157	68.5	317	228.5
rendered/data/cube_green/shot_5.png	1	164	49.5	324	209.5
rendered/data/cube_green/shot_6.png	1	154	47.5	314	207.5
rendered/data/cube_green/shot_7.png	1	165	61.5	325	221.5
rendered/data/cube_green/shot_8.png	1	173	56.5	333	216.5
rendered/data/cube_green/shot_9.png	1	166	64.5	326	224.5
rendered/data/cube_green/shot_10.png	1	175	71.5	335	231.5
rendered/data/cube_green/shot_11.png	1	170	64.5	330	224.5
rendered/data/cube_green/shot_12.png	1	148	68.5	308	228.5
rendered/data/cube_green/shot_13.png	1	162	65.5	322	225.5
rendered/data/cube_green/shot_14.png	1	172	71.5	332	231.5
rendered/data/cube_green/shot_15.png	1	173	61.5	333	221.5
rendered/data/cube_green/shot_16.png	1	162	70.5	322	230.5
rendered/data/cube_green/shot_17.png	1	147	43.5	307	203.5
rendered/data/cube_green/shot_18.png	1	153	67.5	313	227.5
rendered/data/cube_green/shot_19.png	1	162	57.5	322	217.5
rendered/data/cube_green/shot_20.png	1	173	50.5	333	210.5
rendered/data/cube_green/shot_21.png	1	153	54.5	313	214.5
rendered/data/cube_green/shot_22.png	1	146	45.5	306	205.5
rendered/data/cube_green/shot_23.png	1	150	65.5	310	225.5
rendered/data/cube_green/shot_24.png	1	167	42.5	327	202.5
rendered/data/cube_green/shot_25.png	1	164	59.5	324	219.5
rendered/data/cube_green/shot_26.png	1	154	43.5	314	203.5
rendered/data/cube_green/shot_27.png	1	175	54.5	335	214.5
rendered/data/cube_green/shot_28.png	1	164	60.5	324	220.5
rendered/data/cube_green/shot_29.png	1	165	50.5	325	210.5
rendered/data/cube_green/shot_30.png	1	171	60.5	331	220.5
rendered/data/cube_green/shot_31.png	1	154	63.5	314	223.5
rendered/data/cube_green/shot_32.png	1	149	57.5	309	217.5
rendered/data/cube_green/shot_33.png	1	148	48.5	308	208.5
rendered/data/cube_green/shot_34.png	1	164	73.5	324	233.5
rendered/data/cube_green/shot_35.png	1	175	50.5	335	210.5
rendered/data/cube_green/shot_36.png	1	149	59.5	309	219.5
rendered/data/cube_green/shot_37.png	1	163	73.5	323	233.5
rendered/data/cube_green/shot_38.png	1	173	45.5	333	205.5
rendered/data/cube_green/shot_39.png	1	146	55.5	306	215.5
rendered/data/cube_green/shot_40.png	1	173	43.5	333	203.5
rendered/data/cube_green/shot_41.png	1	167	42.5	327	202.5
rendered/data/cube_green/shot_42.png	1	162	67.5	322	227.5
rendered/data/cube_green/shot_43.png	1	153	73.5	313	233.5
rendered/data/cube_green/shot_44.png	1	170	73.5	330	233.5
rendered/data/cube_green/shot_45.png	1	158	45.5	318	205.5
rendered/data/cube_green/shot_46.png	1	167	49.5	327	209.5
rendered/data/cube_green/shot_47.png	1	156	56.5	316	216.5
rendered/data/cube_green/shot_48.png	1	154	54.5	314	214.5
rendered/data/cube_green/shot_49.png	1	146	47.5	306	207.5
rendered/data/cube_green/shot_50.png	1	167	55.5	327	215.5
rendered/data/cube_green/shot_51.png	1	153	54.5	313	214.5
rendered/data/cube_green/shot_52.png	1	171	71.5	331	231.5
rendered/data/cube_green/shot_53.png	1	165	46.5	325	206.5
rendered/data/cube_green/shot_54.png	1	175	44.5	335	204.5
rendered/data/cube_green/shot_55.png	1	146	69.5	306	229.5
rendered/data/cube_green/shot_56.png	1	175	55.5	335	215.5
rendered/data/cube_green/shot_57.png	1	145	49.5	305	209.5
rendered/data/cube_green/shot_58.png	1	146	53.5	306	213.5
rendered/data/cube_green/shot_59.png	1	154	68.5	314	228.5
rendered/data/cube_green/shot_60.png	1	162	52.5	322	212.5
rendered/data/cube_green/shot_61.png	1	153	55.5	313	215.5
rendered/data/cube_green/shot_62.png	1	159	70.5	319	230.5
rendered/data/cube_green/shot_63.png	1	148	45.5	308	205.5
rendered/data/cube_green/shot_64.png	1	170	71.5	330	231.5
rendered/data/cube_green/shot_65.png	1	169	66.5	329	226.5
rendered/data/cube_green/shot_66.png	1	162	66.5	322	226.5
rendered/data/cube_green/shot_67.png	1	147	52.5	307	212.5
rendered/data/cube_green/shot_68.png	1	172	47.5	332	207.5
rendered/data/cube_green/shot_69.png	1	159	57.5	319	217.5
rendered/data/cube_green/shot_70.png	1	157	44.5	317	204.5
rendered/data/cube_green/shot_71.png	1	163	61.5	323	221.5
rendered/data/cube_green/shot_72.png	1	167	65.5	327	225.5
rendered/data/cube_green/shot_73.png	1	160	54.5	320	214.5
rendered/data/cube_green/shot_74.png	1	152	44.5	312	204.5
rendered/data/cube_green/shot_75.png	1	175	64.5	335	224.5
rendered/data/cube_green/shot_76.png	1	173	46.5	333	206.5
rendered/data/cube_green/shot_77.png	1	148	57.5	308	217.5
rendered/data/cube_green/shot_78.png	1	159	48.5	319	208.5
rendered/data/cube_green/shot_79.png	1	175	67.5	335	227.5
rendered/data/cube_green/shot_80.png	1	171	64.5	331	224.5
rendered/data/cube_green/shot_81.png	1	161	51.5	321	211.5
rendered/data/cube_green/shot_82.png	1	155	48.5	315	208.5
rendered/data/cube_green/shot_83.png	1	152	67.5	312	227.5
rendered/data/cube_green/shot_84.png	1	172	73.5	332	233.5
rendered/data/cube_green/shot_85.png	1	159	50.5	319	210.5
rendered/data/cube_green/shot_86.png	1	154	64.5	314	224.5
rendered/data/cube_green/shot_87.png	1	148	43.5	308	203.5
rendered/data/cube_green/shot_88.png	1	144	64.5	304	224.5
rendered/data/cube_green/shot_89.png	1	173	73.5	333	233.5
rendered/data/cube_green/shot_90.png	1	148	45.5	308	205.5
rendered/data/cube_green/shot_91.png	1	158	63.5	318	223.5
rendered/data/cube_green/shot_92.png	1	168	49.5	328	209.5
rendered/data/cube_green/shot_93.png	1	170	70.5	330	230.5
rendered/data/cube_green/shot_94.png	1	167	49.5	327	209.5
rendered/data/cube_green/shot_95.png	1	151	70.5	311	230.5
rendered/data/cube_green/shot_96.png	1	166	58.5	326	218.5
rendered/data/cube_green/shot_97.png	1	157	72.5	317	232.5
rendered/data/cube_green/shot_98.png	1	148	61.5	308	221.5
rendered/data/cube_green/shot_99.png	1	148	63.5	308	223.5
rendered/data/triangle_blue/shot_0.png	2	168	46.5	328	206.5
rendered/data/triangle_blue/shot_1.png	2	152	71.5	312	231.5
rendered/data/triangle_blue/shot_2.png	2	158	67.5	318	227.5
rendered/data/triangle_blue/shot_3.png	2	171	64.5	331	224.5
rendered/data/triangle_blue/shot_4.png	2	144	68.5	304	228.5
rendered/data/triangle_blue/shot_5.png	2	153	46.5	313	206.5
rendered/data/triangle_blue/shot_6.png	2	148	43.5	308	203.5
rendered/data/triangle_blue/shot_7.png	2	149	61.5	309	221.5
rendered/data/triangle_blue/shot_8.png	2	171	52.5	331	212.5
rendered/data/triangle_blue/shot_9.png	2	146	49.5	306	209.5
rendered/data/triangle_blue/shot_10.png	2	175	71.5	335	231.5
rendered/data/triangle_blue/shot_11.png	2	175	53.5	335	213.5
rendered/data/triangle_blue/shot_12.png	2	172	52.5	332	212.5
rendered/data/triangle_blue/shot_13.png	2	173	51.5	333	211.5
rendered/data/triangle_blue/shot_14.png	2	149	67.5	309	227.5
rendered/data/triangle_blue/shot_15.png	2	148	57.5	308	217.5
rendered/data/triangle_blue/shot_16.png	2	157	57.5	317	217.5
rendered/data/triangle_blue/shot_17.png	2	167	60.5	327	220.5
rendered/data/triangle_blue/shot_18.png	2	172	67.5	332	227.5
rendered/data/triangle_blue/shot_19.png	2	145	64.5	305	224.5
rendered/data/triangle_blue/shot_20.png	2	169	56.5	329	216.5
rendered/data/triangle_blue/shot_21.png	2	160	64.5	320	224.5
rendered/data/triangle_blue/shot_22.png	2	154	43.5	314	203.5
rendered/data/triangle_blue/shot_23.png	2	160	62.5	320	222.5
rendered/data/triangle_blue/shot_24.png	2	155	50.5	315	210.5
rendered/data/triangle_blue/shot_25.png	2	162	72.5	322	232.5
rendered/data/triangle_blue/shot_26.png	2	171	48.5	331	208.5
rendered/data/triangle_blue/shot_27.png	2	144	62.5	304	222.5
rendered/data/triangle_blue/shot_28.png	2	165	73.5	325	233.5
rendered/data/triangle_blue/shot_29.png	2	166	73.5	326	233.5
rendered/data/triangle_blue/shot_30.png	2	149	50.5	309	210.5
rendered/data/triangle_blue/shot_31.png	2	147	50.5	307	210.5
rendered/data/triangle_blue/shot_32.png	2	168	54.5	328	214.5
rendered/data/triangle_blue/shot_33.png	2	168	73.5	328	233.5
rendered/data/triangle_blue/shot_34.png	2	154	62.5	314	222.5
rendered/data/triangle_blue/shot_35.png	2	162	61.5	322	221.5
rendered/data/triangle_blue/shot_36.png	2	171	63.5	331	223.5
rendered/data/triangle_blue/shot_37.png	2	173	67.5	333	227.5
rendered/data/triangle_blue/shot_38.png	2	144	51.5	304	211.5
rendered/data/triangle_blue/shot_39.png	2	145	52.5	305	212.5
rendered/data/triangle_blue/shot_40.png	2	168	57.5	328	217.5
rendered/data/triangle_blue/shot_41.png	2	146	71.5	306	231.5
rendered/data/triangle_blue/shot_42.png	2	172	51.5	332	211.5
rendered/data/triangle_blue/shot_43.png	2	152	72.5	312	232.5
rendered/data/triangle_blue/shot_44.png	2	171	68.5	331	228.5
rendered/data/triangle_blue/shot_45.png	2	153	48.5	313	208.5
rendered/data/triangle_blue/shot_46.png	2	154	55.5	314	215.5
rendered/data/triangle_blue/shot_47.png	2	166	46.5	326	206.5
rendered/data/triangle_blue/shot_48.png	2	148	54.5	308	214.5
rendered/data/triangle_blue/shot_49.png	2	156	42.5	316	202.5
rendered/data/triangle_blue/shot_50.png	2	170	73.5	330	233.5
rendered/data/triangle_blue/shot_51.png	2	144	73.5	304	233.5
rendered/data/triangle_blue/shot_52.png	2	162	70.5	322	230.5
rendered/data/triangle_blue/shot_53.png	2	148	68.5	308	228.5
rendered/data/triangle_blue/shot_54.png	2	173	62.5	333	222.5
rendered/data/triangle_blue/shot_55.png	2	164	68.5	324	228.5
rendered/data/triangle_blue/shot_56.png	2	145	56.5	305	216.5
rendered/data/triangle_blue/shot_57.png	2	155	61.5	315	221.5
rendered/data/triangle_blue/shot_58.png	2	161	49.5	321	209.5
rendered/data/triangle_blue/shot_59.png	2	172	73.5	332	233.5
rendered/data/triangle_blue/shot_60.png	2	158	56.5	318	216.5
rendered/data/triangle_blue/shot_61.png	2	166	51.5	326	211.5
rendered/data/triangle_blue/shot_62.png	2	151	72.5	311	232.5
rendered/data/triangle_blue/shot_63.png	2	160	65.5	320	225.5
rendered/data/triangle_blue/shot_64.png	2	151	58.5	311	218.5
rendered/data/triangle_blue/shot_65.png	2	150	56.5	310	216.5
rendered/data/triangle_blue/shot_66.png	2	151	57.5	311	217.5
rendered/data/triangle_blue/shot_67.png	2	153	47.5	313	207.5
rendered/data/triangle_blue/shot_68.png	2	171	51.5	331	211.5
rendered/data/triangle_blue/shot_69.png	2	175	57.5	335	217.5
rendered/data/triangle_blue/shot_70.png	2	168	59.5	328	219.5
rendered/data/triangle_blue/shot_71.png	2	159	67.5	319	227.5
rendered/data/triangle_blue/shot_72.png	2	160	49.5	320	209.5
rendered/data/triangle_blue/shot_73.png	2	146	72.5	306	232.5
rendered/data/triangle_blue/shot_74.png	2	154	47.5	314	207.5
rendered/data/triangle_blue/shot_75.png	2	167	71.5	327	231.5
rendered/data/triangle_blue/shot_76.png	2	171	54.5	331	214.5
rendered/data/triangle_blue/shot_77.png	2	144	72.5	304	232.5
rendered/data/triangle_blue/shot_78.png	2	155	43.5	315	203.5
rendered/data/triangle_blue/shot_79.png	2	170	54.5	330	214.5
rendered/data/triangle_blue/shot_80.png	2	149	42.5	309	202.5
rendered/data/triangle_blue/shot_81.png	2	175	62.5	335	222.5
rendered/data/triangle_blue/shot_82.png	2	169	48.5	329	208.5
rendered/data/triangle_blue/shot_83.png	2	150	49.5	310	209.5
rendered/data/triangle_blue/shot_84.png	2	147	71.5	307	231.5
rendered/data/triangle_blue/shot_85.png	2	151	50.5	311	210.5
rendered/data/triangle_blue/shot_86.png	2	175	60.5	335	220.5
rendered/data/triangle_blue/shot_87.png	2	158	48.5	318	208.5
rendered/data/triangle_blue/shot_88.png	2	153	57.5	313	217.5
rendered/data/triangle_blue/shot_89.png	2	154	54.5	314	214.5
rendered/data/triangle_blue/shot_90.png	2	172	44.5	332	204.5
rendered/data/triangle_blue/shot_91.png	2	175	73.5	335	233.5
rendered/data/triangle_blue/shot_92.png	2	146	54.5	306	214.5
rendered/data/triangle_blue/shot_93.png	2	146	44.5	306	204.5
rendered/data/triangle_blue/shot_94.png	2	153	71.5	313	231.5
rendered/data/triangle_blue/shot_95.png	2	165	54.5	325	214.5
rendered/data/triangle_blue/shot_96.png	2	152	64.5	312	224.5
rendered/data/triangle_blue/shot_97.png	2	166	65.5	326	225.5
rendered/data/triangle_blue/shot_98.png	2	151	51.5	311	211.5
rendered/data/triangle_blue/shot_99.png	2	158	60.5	318	220.5
rendered/data/cube_blue/shot_0.png	3	163	50.5	323	210.5
rendered/data/cube_blue/shot_1.png	3	151	45.5	311	205.5
rendered/data/cube_blue/shot_2.png	3	148	67.5	308	227.5
rendered/data/cube_blue/shot_3.png	3	170	62.5	330	222.5
rendered/data/cube_blue/shot_4.png	3	165	72.5	325	232.5
rendered/data/cube_blue/shot_5.png	3	156	65.5	316	225.5
rendered/data/cube_blue/shot_6.png	3	152	63.5	312	223.5
rendered/data/cube_blue/shot_7.png	3	160	44.5	320	204.5
rendered/data/cube_blue/shot_8.png	3	170	50.5	330	210.5
rendered/data/cube_blue/shot_9.png	3	169	61.5	329	221.5
rendered/data/cube_blue/shot_10.png	3	175	62.5	335	222.5
rendered/data/cube_blue/shot_11.png	3	146	46.5	306	206.5
rendered/data/cube_blue/shot_12.png	3	165	47.5	325	207.5
rendered/data/cube_blue/shot_13.png	3	149	43.5	309	203.5
rendered/data/cube_blue/shot_14.png	3	164	51.5	324	211.5
rendered/data/cube_blue/shot_15.png	3	165	68.5	325	228.5
rendered/data/cube_blue/shot_16.png	3	172	48.5	332	208.5
rendered/data/cube_blue/shot_17.png	3	173	42.5	333	202.5
rendered/data/cube_blue/shot_18.png	3	174	72.5	334	232.5
rendered/data/cube_blue/shot_19.png	3	149	61.5	309	221.5
rendered/data/cube_blue/shot_20.png	3	148	47.5	308	207.5
rendered/data/cube_blue/shot_21.png	3	168	71.5	328	231.5
rendered/data/cube_blue/shot_22.png	3	171	43.5	331	203.5
rendered/data/cube_blue/shot_23.png	3	145	44.5	305	204.5
rendered/data/cube_blue/shot_24.png	3	152	65.5	312	225.5
rendered/data/cube_blue/shot_25.png	3	155	53.5	315	213.5
rendered/data/cube_blue/shot_26.png	3	155	58.5	315	218.5
rendered/data/cube_blue/shot_27.png	3	148	48.5	308	208.5
rendered/data/cube_blue/shot_28.png	3	155	70.5	315	230.5
rendered/data/cube_blue/shot_29.png	3	169	58.5	329	218.5
rendered/data/cube_blue/shot_30.png	3	161	71.5	321	231.5
rendered/data/cube_blue/shot_31.png	3	170	49.5	330	209.5
rendered/data/cube_blue/shot_32.png	3	150	47.5	310	207.5
rendered/data/cube_blue/shot_33.png	3	158	53.5	318	213.5
rendered/data/cube_blue/shot_34.png	3	160	58.5	320	218.5
rendered/data/cube_blue/shot_35.png	3	144	56.5	304	216.5
rendered/data/cube_blue/shot_36.png	3	169	48.5	329	208.5
rendered/data/cube_blue/shot_37.png	3	153	53.5	313	213.5
rendered/data/cube_blue/shot_38.png	3	173	59.5	333	219.5
rendered/data/cube_blue/shot_39.png	3	147	70.5	307	230.5
rendered/data/cube_blue/shot_40.png	3	161	43.5	321	203.5
rendered/data/cube_blue/shot_41.png	3	152	48.5	312	208.5
rendered/data/cube_blue/shot_42.png	3	171	59.5	331	219.5
rendered/data/cube_blue/shot_43.png	3	171	46.5	331	206.5
rendered/data/cube_blue/shot_44.png	3	160	46.5	320	206.5
rendered/data/cube_blue/shot_45.png	3	161	46.5	321	206.5
rendered/data/cube_blue/shot_46.png	3	147	71.5	307	231.5
rendered/data/cube_blue/shot_47.png	3	162	71.5	322	231.5
rendered/data/cube_blue/shot_48.png	3	157	71.5	317	231.5
rendered/data/cube_blue/shot_49.png	3	155	70.5	315	230.5
rendered/data/cube_blue/shot_50.png	3	154	48.5	314	208.5
rendered/data/cube_blue/shot_51.png	3	146	44.5	306	204.5
rendered/data/cube_blue/shot_52.png	3	159	52.5	319	212.5
rendered/data/cube_blue/shot_53.png	3	150	51.5	310	211.5
rendered/data/cube_blue/shot_54.png	3	173	55.5	333	215.5
rendered/data/cube_blue/shot_55.png	3	173	52.5	333	212.5
rendered/data/cube_blue/shot_56.png	3	156	52.5	316	212.5
rendered/data/cube_blue/shot_57.png	3	149	69.5	309	229.5
rendered/data/cube_blue/shot_58.png	3	153	64.5	313	224.5
rendered/data/cube_blue/shot_59.png	3	146	60.5	306	220.5
rendered/data/cube_blue/shot_60.png	3	152	56.5	312	216.5
rendered/data/cube_blue/shot_61.png	3	156	69.5	316	229.5
rendered/data/cube_blue/shot_62.png	3	156	47.5	316	207.5
rendered/data/cube_blue/shot_63.png	3	166	47.5	326	207.5
rendered/data/cube_blue/shot_64.png	3	147	66.5	307	226.5
rendered/data/cube_blue/shot_65.png	3	150	72.5	310	232.5
rendered/data/cube_blue/shot_66.png	3	156	70.5	316	230.5
rendered/data/cube_blue/shot_67.png	3	157	63.5	317	223.5
rendered/data/cube_blue/shot_68.png	3	156	55.5	316	215.5
rendered/data/cube_blue/shot_69.png	3	163	66.5	323	226.5
rendered/data/cube_blue/shot_70.png	3	165	56.5	325	216.5
rendered/data/cube_blue/shot_71.png	3	144	73.5	304	233.5
rendered/data/cube_blue/shot_72.png	3	174	73.5	334	233.5
rendered/data/cube_blue/shot_73.png	3	164	44.5	324	204.5
rendered/data/cube_blue/shot_74.png	3	174	65.5	334	225.5
rendered/data/cube_blue/shot_75.png	3	166	68.5	326	228.5
rendered/data/cube_blue/shot_76.png	3	151	47.5	311	207.5
rendered/data/cube_blue/shot_77.png	3	165	63.5	325	223.5
rendered/data/cube_blue/shot_78.png	3	163	42.5	323	202.5
rendered/data/cube_blue/shot_79.png	3	167	64.5	327	224.5
rendered/data/cube_blue/shot_80.png	3	163	63.5	323	223.5
rendered/data/cube_blue/shot_81.png	3	168	57.5	328	217.5
rendered/data/cube_blue/shot_82.png	3	146	44.5	306	204.5
rendered/data/cube_blue/shot_83.png	3	175	64.5	335	224.5
rendered/data/cube_blue/shot_84.png	3	172	59.5	332	219.5
rendered/data/cube_blue/shot_85.png	3	144	45.5	304	205.5
rendered/data/cube_blue/shot_86.png	3	152	65.5	312	225.5
rendered/data/cube_blue/shot_87.png	3	175	51.5	335	211.5
rendered/data/cube_blue/shot_88.png	3	170	42.5	330	202.5
rendered/data/cube_blue/shot_89.png	3	148	59.5	308	219.5
rendered/data/cube_blue/shot_90.png	3	150	53.5	310	213.5
rendered/data/cube_blue/shot_91.png	3	148	50.5	308	210.5
rendered/data/cube_blue/shot_92.png	3	153	50.5	313	210.5
rendered/data/cube_blue/shot_93.png	3	171	70.5	331	230.5
rendered/data/cube_blue/shot_94.png	3	156	57.5	316	217.5
rendered/data/cube_blue/shot_95.png	3	152	60.5	312	220.5
rendered/data/cube_blue/shot_96.png	3	158	73.5	318	233.5
rendered/data/cube_blue/shot_97.png	3	153	62.5	313	222.5
rendered/data/cube_blue/shot_98.png	3	175	56.5	335	216.5
rendered/data/cube_blue/shot_99.png	3	172	58.5	332	218.5
rendered/data/cube_red_hole/shot_0.png	4	168	58.5	328	218.5
rendered/data/cube_red_hole/shot_1.png	4	163	57.5	323	217.5
rendered/data/cube_red_hole/shot_2.png	4	165	55.5	325	215.5
rendered/data/cube_red_hole/shot_3.png	4	163	47.5	323	207.5
rendered/data/cube_red_hole/shot_4.png	4	166	42.5	326	202.5
rendered/data/cube_red_hole/shot_5.png	4	162	48.5	322	208.5
rendered/data/cube_red_hole/shot_6.png	4	163	69.5	323	229.5
rendered/data/cube_red_hole/shot_7.png	4	154	60.5	314	220.5
rendered/data/cube_red_hole/shot_8.png	4	149	67.5	309	227.5
rendered/data/cube_red_hole/shot_9.png	4	147	51.5	307	211.5
rendered/data/cube_red_hole/shot_10.png	4	174	43.5	334	203.5
rendered/data/cube_red_hole/shot_11.png	4	155	57.5	315	217.5
rendered/data/cube_red_hole/shot_12.png	4	163	43.5	323	203.5
rendered/data/cube_red_hole/shot_13.png	4	159	58.5	319	218.5
rendered/data/cube_red_hole/shot_14.png	4	148	64.5	308	224.5
rendered/data/cube_red_hole/shot_15.png	4	153	63.5	313	223.5
rendered/data/cube_red_hole/shot_16.png	4	164	71.5	324	231.5
rendered/data/cube_red_hole/shot_17.png	4	147	58.5	307	218.5
rendered/data/cube_red_hole/shot_18.png	4	174	65.5	334	225.5
rendered/data/cube_red_hole/shot_19.png	4	162	63.5	322	223.5
rendered/data/cube_red_hole/shot_20.png	4	148	53.5	308	213.5
rendered/data/cube_red_hole/shot_21.png	4	159	42.5	319	202.5
rendered/data/cube_red_hole/shot_22.png	4	167	44.5	327	204.5
rendered/data/cube_red_hole/shot_23.png	4	162	45.5	322	205.5
rendered/data/cube_red_hole/shot_24.png	4	173	45.5	333	205.5
rendered/data/cube_red_hole/shot_25.png	4	172	73.5	332	233.5
rendered/data/cube_red_hole/shot_26.png	4	161	69.5	321	229.5
rendered/data/cube_red_hole/shot_27.png	4	165	43.5	325	203.5
rendered/data/cube_red_hole/shot_28.png	4	156	63.5	316	223.5
rendered/data/cube_red_hole/shot_29.png	4	174	71.5	334	231.5
rendered/data/cube_red_hole/shot_30.png	4	153	72.5	313	232.5
rendered/data/cube_red_hole/shot_31.png	4	171	68.5	331	228.5
rendered/data/cube_red_hole/shot_32.png	4	161	67.5	321	227.5
rendered/data/cube_red_hole/shot_33.png	4	170	73.5	330	233.5
rendered/data/cube_red_hole/shot_34.png	4	175	69.5	335	229.5
rendered/data/cube_red_hole/shot_35.png	4	145	47.5	305	207.5
rendered/data/cube_red_hole/shot_36.png	4	158	45.5	318	205.5
rendered/data/cube_red_hole/shot_37.png	4	154	50.5	314	210.5
rendered/data/cube_red_hole/shot_38.png	4	174	68.5	334	228.5
rendered/data/cube_red_hole/shot_39.png	4	150	55.5	310	215.5
rendered/data/cube_red_hole/shot_40.png	4	150	61.5	310	221.5
rendered/data/cube_red_hole/shot_41.png	4	162	63.5	322	223.5
rendered/data/cube_red_hole/shot_42.png	4	150	55.5	310	215.5
rendered/data/cube_red_hole/shot_43.png	4	166	61.5	326	221.5
rendered/data/cube_red_hole/shot_44.png	4	162	56.5	322	216.5
rendered/data/cube_red_hole/shot_45.png	4	161	61.5	321	221.5
rendered/data/cube_red_hole/shot_46.png	4	175	46.5	335	206.5
rendered/data/cube_red_hole/shot_47.png	4	154	68.5	314	228.5
rendered/data/cube_red_hole/shot_48.png	4	170	53.5	330	213.5
rendered/data/cube_red_hole/shot_49.png	4	162	59.5	322	219.5
rendered/data/cube_red_hole/shot_50.png	4	152	56.5	312	216.5
rendered/data/cube_red_hole/shot_51.png	4	145	62.5	305	222.5
rendered/data/cube_red_hole/shot_52.png	4	175	45.5	335	205.5
rendered/data/cube_red_hole/shot_53.png	4	164	48.5	324	208.5
rendered/data/cube_red_hole/shot_54.png	4	162	60.5	322	220.5
rendered/data/cube_red_hole/shot_55.png	4	157	55.5	317	215.5
rendered/data/cube_red_hole/shot_56.png	4	155	53.5	315	213.5
rendered/data/cube_red_hole/shot_57.png	4	169	63.5	329	223.5
rendered/data/cube_red_hole/shot_58.png	4	158	44.5	318	204.5
rendered/data/cube_red_hole/shot_59.png	4	158	57.5	318	217.5
rendered/data/cube_red_hole/shot_60.png	4	172	57.5	332	217.5
rendered/data/cube_red_hole/shot_61.png	4	146	69.5	306	229.5
rendered/data/cube_red_hole/shot_62.png	4	159	55.5	319	215.5
rendered/data/cube_red_hole/shot_63.png	4	165	70.5	325	230.5
rendered/data/cube_red_hole/shot_64.png	4	172	45.5	332	205.5
rendered/data/cube_red_hole/shot_65.png	4	144	67.5	304	227.5
rendered/data/cube_red_hole/shot_66.png	4	169	67.5	329	227.5
rendered/data/cube_red_hole/shot_67.png	4	172	62.5	332	222.5
rendered/data/cube_red_hole/shot_68.png	4	174	46.5	334	206.5
rendered/data/cube_red_hole/shot_69.png	4	158	50.5	318	210.5
rendered/data/cube_red_hole/shot_70.png	4	154	60.5	314	220.5
rendered/data/cube_red_hole/shot_71.png	4	172	69.5	332	229.5
rendered/data/cube_red_hole/shot_72.png	4	150	44.5	310	204.5
rendered/data/cube_red_hole/shot_73.png	4	160	57.5	320	217.5
rendered/data/cube_red_hole/shot_74.png	4	146	55.5	306	215.5
rendered/data/cube_red_hole/shot_75.png	4	145	42.5	305	202.5
rendered/data/cube_red_hole/shot_76.png	4	164	71.5	324	231.5
rendered/data/cube_red_hole/shot_77.png	4	158	53.5	318	213.5
rendered/data/cube_red_hole/shot_78.png	4	150	73.5	310	233.5
rendered/data/cube_red_hole/shot_79.png	4	152	60.5	312	220.5
rendered/data/cube_red_hole/shot_80.png	4	171	65.5	331	225.5
rendered/data/cube_red_hole/shot_81.png	4	153	49.5	313	209.5
rendered/data/cube_red_hole/shot_82.png	4	166	48.5	326	208.5
rendered/data/cube_red_hole/shot_83.png	4	151	50.5	311	210.5
rendered/data/cube_red_hole/shot_84.png	4	151	50.5	311	210.5
rendered/data/cube_red_hole/shot_85.png	4	160	50.5	320	210.5
rendered/data/cube_red_hole/shot_86.png	4	167	48.5	327	208.5
rendered/data/cube_red_hole/shot_87.png	4	167	67.5	327	227.5
rendered/data/cube_red_hole/shot_88.png	4	155	47.5	315	207.5
rendered/data/cube_red_hole/shot_89.png	4	154	59.5	314	219.5
rendered/data/cube_red_hole/shot_90.png	4	150	68.5	310	228.5
rendered/data/cube_red_hole/shot_91.png	4	152	48.5	312	208.5
rendered/data/cube_red_hole/shot_92.png	4	150	62.5	310	222.5
rendered/data/cube_red_hole/shot_93.png	4	166	46.5	326	206.5
rendered/data/cube_red_hole/shot_94.png	4	148	52.5	308	212.5
rendered/data/cube_red_hole/shot_95.png	4	170	71.5	330	231.5
rendered/data/cube_red_hole/shot_96.png	4	157	59.5	317	219.5
rendered/data/cube_red_hole/shot_97.png	4	156	43.5	316	203.5
rendered/data/cube_red_hole/shot_98.png	4	167	65.5	327	225.5
rendered/data/cube_red_hole/shot_99.png	4	173	47.5	333	207.5
rendered/data/cube_red/shot_0.png	5	173	71.5	333	231.5
rendered/data/cube_red/shot_1.png	5	156	52.5	316	212.5
rendered/data/cube_red/shot_2.png	5	162	43.5	322	203.5
rendered/data/cube_red/shot_3.png	5	144	70.5	304	230.5
rendered/data/cube_red/shot_4.png	5	157	70.5	317	230.5
rendered/data/cube_red/shot_5.png	5	167	42.5	327	202.5
rendered/data/cube_red/shot_6.png	5	174	55.5	334	215.5
rendered/data/cube_red/shot_7.png	5	145	55.5	305	215.5
rendered/data/cube_red/shot_8.png	5	163	49.5	323	209.5
rendered/data/cube_red/shot_9.png	5	169	71.5	329	231.5
rendered/data/cube_red/shot_10.png	5	160	71.5	320	231.5
rendered/data/cube_red/shot_11.png	5	148	68.5	308	228.5
rendered/data/cube_red/shot_12.png	5	175	44.5	335	204.5
rendered/data/cube_red/shot_13.png	5	167	55.5	327	215.5
rendered/data/cube_red/shot_14.png	5	154	48.5	314	208.5
rendered/data/cube_red/shot_15.png	5	158	42.5	318	202.5
rendered/data/cube_red/shot_16.png	5	149	51.5	309	211.5
rendered/data/cube_red/shot_17.png	5	155	64.5	315	224.5
rendered/data/cube_red/shot_18.png	5	151	66.5	311	226.5
rendered/data/cube_red/shot_19.png	5	153	71.5	313	231.5
rendered/data/cube_red/shot_20.png	5	172	55.5	332	215.5
rendered/data/cube_red/shot_21.png	5	171	56.5	331	216.5
rendered/data/cube_red/shot_22.png	5	175	57.5	335	217.5
rendered/data/cube_red/shot_23.png	5	154	58.5	314	218.5
rendered/data/cube_red/shot_24.png	5	149	69.5	309	229.5
rendered/data/cube_red/shot_25.png	5	149	45.5	309	205.5
rendered/data/cube_red/shot_26.png	5	156	60.5	316	220.5
rendered/data/cube_red/shot_27.png	5	146	54.5	306	214.5
rendered/data/cube_red/shot_28.png	5	156	66.5	316	226.5
rendered/data/cube_red/shot_29.png	5	161	56.5	321	216.5
rendered/data/cube_red/shot_30.png	5	152	42.5	312	202.5
rendered/data/cube_red/shot_31.png	5	156	52.5	316	212.5
rendered/data/cube_red/shot_32.png	5	147	56.5	307	216.5
rendered/data/cube_red/shot_33.png	5	161	66.5	321	226.5
rendered/data/cube_red/shot_34.png	5	163	69.5	323	229.5
rendered/data/cube_red/shot_35.png	5	145	54.5	305	214.5
rendered/data/cube_red/shot_36.png	5	165	63.5	325	223.5
rendered/data/cube_red/shot_37.png	5	156	59.5	316	219.5
rendered/data/cube_red/shot_38.png	5	153	69.5	313	229.5
rendered/data/cube_red/shot_39.png	5	147	46.5	307	206.5
rendered/data/cube_red/shot_40.png	5	170	52.5	330	212.5
rendered/data/cube_red/shot_41.png	5	167	69.5	327	229.5
rendered/data/cube_red/shot_42.png	5	145	61.5	305	221.5
rendered/data/cube_red/shot_43.png	5	171	56.5	331	216.5
rendered/data/cube_red/shot_44.png	5	171	69.5	331	229.5
rendered/data/cube_red/shot_45.png	5	151	42.5	311	202.5
rendered/data/cube_red/shot_46.png	5	144	50.5	304	210.5
rendered/data/cube_red/shot_47.png	5	168	48.5	328	208.5
rendered/data/cube_red/shot_48.png	5	157	42.5	317	202.5
rendered/data/cube_red/shot_49.png	5	146	70.5	306	230.5
rendered/data/cube_red/shot_50.png	5	146	56.5	306	216.5
rendered/data/cube_red/shot_51.png	5	172	62.5	332	222.5
rendered/data/cube_red/shot_52.png	5	156	72.5	316	232.5
rendered/data/cube_red/shot_53.png	5	153	72.5	313	232.5
rendered/data/cube_red/shot_54.png	5	172	51.5	332	211.5
rendered/data/cube_red/shot_55.png	5	160	55.5	320	215.5
rendered/data/cube_red/shot_56.png	5	164	46.5	324	206.5
rendered/data/cube_red/shot_57.png	5	164	63.5	324	223.5
rendered/data/cube_red/shot_58.png	5	154	57.5	314	217.5
rendered/data/cube_red/shot_59.png	5	155	57.5	315	217.5
rendered/data/cube_red/shot_60.png	5	150	56.5	310	216.5
rendered/data/cube_red/shot_61.png	5	166	57.5	326	217.5
rendered/data/cube_red/shot_62.png	5	161	68.5	321	228.5
rendered/data/cube_red/shot_63.png	5	169	73.5	329	233.5
rendered/data/cube_red/shot_64.png	5	160	48.5	320	208.5
rendered/data/cube_red/shot_65.png	5	162	45.5	322	205.5
rendered/data/cube_red/shot_66.png	5	155	73.5	315	233.5
rendered/data/cube_red/shot_67.png	5	151	62.5	311	222.5
rendered/data/cube_red/shot_68.png	5	153	71.5	313	231.5
rendered/data/cube_red/shot_69.png	5	169	73.5	329	233.5
rendered/data/cube_red/shot_70.png	5	156	42.5	316	202.5
rendered/data/cube_red/shot_71.png	5	146	73.5	306	233.5
rendered/data/cube_red/shot_72.png	5	146	61.5	306	221.5
rendered/data/cube_red/shot_73.png	5	175	59.5	335	219.5
rendered/data/cube_red/shot_74.png	5	146	66.5	306	226.5
rendered/data/cube_red/shot_75.png	5	151	52.5	311	212.5
rendered/data/cube_red/shot_76.png	5	145	68.5	305	228.5
rendered/data/cube_red/shot_77.png	5	160	73.5	320	233.5
rendered/data/cube_red/shot_78.png	5	172	67.5	332	227.5
rendered/data/cube_red/shot_79.png	5	174	43.5	334	203.5
rendered/data/cube_red/shot_80.png	5	167	65.5	327	225.5
rendered/data/cube_red/shot_81.png	5	163	63.5	323	223.5
rendered/data/cube_red/shot_82.png	5	148	59.5	308	219.5
rendered/data/cube_red/shot_83.png	5	164	71.5	324	231.5
rendered/data/cube_red/shot_84.png	5	145	69.5	305	229.5
rendered/data/cube_red/shot_85.png	5	168	48.5	328	208.5
rendered/data/cube_red/shot_86.png	5	146	59.5	306	219.5
rendered/data/cube_red/shot_87.png	5	146	71.5	306	231.5
rendered/data/cube_red/shot_88.png	5	148	42.5	308	202.5
rendered/data/cube_red/shot_89.png	5	145	48.5	305	208.5
rendered/data/cube_red/shot_90.png	5	167	65.5	327	225.5
rendered/data/cube_red/shot_91.png	5	157	60.5	317	220.5
rendered/data/cube_red/shot_92.png	5	149	67.5	309	227.5
rendered/data/cube_red/shot_93.png	5	168	63.5	328	223.5
rendered/data/cube_red/shot_94.png	5	164	46.5	324	206.5
rendered/data/cube_red/shot_95.png	5	174	62.5	334	222.5
rendered/data/cube_red/shot_96.png	5	149	48.5	309	208.5
rendered/data/cube_red/shot_97.png	5	149	70.5	309	230.5
rendered/data/cube_red/shot_98.png	5	162	53.5	322	213.5
rendered/data/cube_red/shot_99.png	5	166	57.5	326	217.5
rendered/data/star_orange/shot_0.png	6	154	47.5	314	207.5
rendered/data/star_orange/shot_1.png	6	145	49.5	305	209.5
rendered/data/star_orange/shot_2.png	6	164	42.5	324	202.5
rendered/data/star_orange/shot_3.png	6	175	43.5	335	203.5
rendered/data/star_orange/shot_4.png	6	175	72.5	335	232.5
rendered/data/star_orange/shot_5.png	6	147	46.5	307	206.5
rendered/data/star_orange/shot_6.png	6	159	62.5	319	222.5
rendered/data/star_orange/shot_7.png	6	149	48.5	309	208.5
rendered/data/star_orange/shot_8.png	6	167	56.5	327	216.5
rendered/data/star_orange/shot_9.png	6	169	51.5	329	211.5
rendered/data/star_orange/shot_10.png	6	162	47.5	322	207.5
rendered/data/star_orange/shot_11.png	6	156	62.5	316	222.5
rendered/data/star_orange/shot_12.png	6	160	71.5	320	231.5
rendered/data/star_orange/shot_13.png	6	144	66.5	304	226.5
rendered/data/star_orange/shot_14.png	6	163	66.5	323	226.5
rendered/data/star_orange/shot_15.png	6	153	65.5	313	225.5
rendered/data/star_orange/shot_16.png	6	150	60.5	310	220.5
rendered/data/star_orange/shot_17.png	6	148	56.5	308	216.5
rendered/data/star_orange/shot_18.png	6	173	58.5	333	218.5
rendered/data/star_orange/shot_19.png	6	154	62.5	314	222.5
rendered/data/star_orange/shot_20.png	6	172	69.5	332	229.5
rendered/data/star_orange/shot_21.png	6	157	49.5	317	209.5
rendered/data/star_orange/shot_22.png	6	146	56.5	306	216.5
rendered/data/star_orange/shot_23.png	6	152	45.5	312	205.5
rendered/data/star_orange/shot_24.png	6	161	49.5	321	209.5
rendered/data/star_orange/shot_25.png	6	146	67.5	306	227.5
rendered/data/star_orange/shot_26.png	6	149	56.5	309	216.5
rendered/data/star_orange/shot_27.png	6	161	71.5	321	231.5
rendered/data/star_orange/shot_28.png	6	147	51.5	307	211.5
rendered/data/star_orange/shot_29.png	6	164	68.5	324	228.5
rendered/data/star_orange/shot_30.png	6	149	62.5	309	222.5
rendered/data/star_orange/shot_31.png	6	166	54.5	326	214.5
rendered/data/star_orange/shot_32.png	6	165	66.5	325	226.5
rendered/data/star_orange/shot_33.png	6	148	60.5	308	220.5
rendered/data/star_orange/shot_34.png	6	173	60.5	333	220.5
rendered/data/star_orange/shot_35.png	6	168	64.5	328	224.5
rendered/data/star_orange/shot_36.png	6	149	53.5	309	213.5
rendered/data/star_orange/shot_37.png	6	163	49.5	323	209.5
rendered/data/star_orange/shot_38.png	6	159	67.5	319	227.5
rendered/data/star_orange/shot_39.png	6	173	46.5	333	206.5
rendered/data/star_orange/shot_40.png	6	169	42.5	329	202.5
rendered/data/star_orange/shot_41.png	6	168	49.5	328	209.5
rendered/data/star_orange/shot_42.png	6	152	68.5	312	228.5
rendered/data/star_orange/shot_43.png	6	154	73.5	314	233.5
rendered/data/star_orange/shot_44.png	6	147	72.5	307	232.5
rendered/data/star_orange/shot_45.png	6	167	44.5	327	204.5
rendered/data/star_orange/shot_46.png	6	149	44.5	309	204.5
rendered/data/star_orange/shot_47.png	6	152	70.5	312	230.5
rendered/data/star_orange/shot_48.png	6	155	53.5	315	213.5
rendered/data/star_orange/shot_49.png	6	169	72.5	329	232.5
rendered/data/star_orange/shot_50.png	6	164	45.5	324	205.5
rendered/data/star_orange/shot_51.png	6	158	61.5	318	221.5
rendered/data/star_orange/shot_52.png	6	150	46.5	310	206.5
rendered/data/star_orange/shot_53.png	6	156	69.5	316	229.5
rendered/data/star_orange/shot_54.png	6	147	61.5	307	221.5
rendered/data/star_orange/shot_55.png	6	171	61.5	331	221.5
rendered/data/star_orange/shot_56.png	6	158	54.5	318	214.5
rendered/data/star_orange/shot_57.png	6	159	68.5	319	228.5
rendered/data/star_orange/shot_58.png	6	147	68.5	307	228.5
rendered/data/star_orange/shot_59.png	6	165	70.5	325	230.5
rendered/data/star_orange/shot_60.png	6	149	64.5	309	224.5
rendered/data/star_orange/shot_61.png	6	174	70.5	334	230.5
rendered/data/star_orange/shot_62.png	6	165	58.5	325	218.5
rendered/data/star_orange/shot_63.png	6	145	44.5	305	204.5
rendered/data/star_orange/shot_64.png	6	159	46.5	319	206.5
rendered/data/star_orange/shot_65.png	6	173	50.5	333	210.5
rendered/data/star_orange/shot_66.png	6	170	59.5	330	219.5
rendered/data/star_orange/shot_67.png	6	150	64.5	310	224.5
rendered/data/star_orange/shot_68.png	6	155	44.5	315	204.5
rendered/data/star_orange/shot_69.png	6	169	44.5	329	204.5
rendered/data/star_orange/shot_70.png	6	152	72.5	312	232.5
rendered/data/star_orange/shot_71.png	6	153	60.5	313	220.5
rendered/data/star_orange/shot_72.png	6	149	66.5	309	226.5
rendered/data/star_orange/shot_73.png	6	155	58.5	315	218.5
rendered/data/star_orange/shot_74.png	6	169	56.5	329	216.5
rendered/data/star_orange/shot_75.png	6	166	52.5	326	212.5
rendered/data/star_orange/shot_76.png	6	164	48.5	324	208.5
rendered/data/star_orange/shot_77.png	6	149	69.5	309	229.5
rendered/data/star_orange/shot_78.png	6	155	66.5	315	226.5
rendered/data/star_orange/shot_79.png	6	169	51.5	329	211.5
rendered/data/star_orange/shot_80.png	6	165	55.5	325	215.5
rendered/data/star_orange/shot_81.png	6	160	54.5	320	214.5
rendered/data/star_orange/shot_82.png	6	159	65.5	319	225.5
rendered/data/star_orange/shot_83.png	6	159	58.5	319	218.5
rendered/data/star_orange/shot_84.png	6	146	63.5	306	223.5
rendered/data/star_orange/shot_85.png	6	156	69.5	316	229.5
rendered/data/star_orange/shot_86.png	6	166	66.5	326	226.5
rendered/data/star_orange/shot_87.png	6	162	68.5	322	228.5
rendered/data/star_orange/shot_88.png	6	169	46.5	329	206.5
rendered/data/star_orange/shot_89.png	6	174	68.5	334	228.5
rendered/data/star_orange/shot_90.png	6	159	54.5	319	214.5
rendered/data/star_orange/shot_91.png	6	160	55.5	320	215.5
rendered/data/star_orange/shot_92.png	6	164	71.5	324	231.5
rendered/data/star_orange/shot_93.png	6	169	53.5	329	213.5
rendered/data/star_orange/shot_94.png	6	151	63.5	311	223.5
rendered/data/star_orange/shot_95.png	6	175	68.5	335	228.5
rendered/data/star_orange/shot_96.png	6	174	48.5	334	208.5
rendered/data/star_orange/shot_97.png	6	162	48.5	322	208.5
rendered/data/star_orange/shot_98.png	6	167	47.5	327	207.5
rendered/data/star_orange/shot_99.png	6	151	58.5	311	218.5
rendered/data/cube_yellow/shot_0.png	7	152	62.5	312	222.5
rendered/data/cube_yellow/shot_1.png	7	145	54.5	305	214.5
rendered/data/cube_yellow/shot_2.png	7	150	58.5	310	218.5
rendered/data/cube_yellow/shot_3.png	7	166	60.5	326	220.5
rendered/data/cube_yellow/shot_4.png	7	174	45.5	334	205.5
rendered/data/cube_yellow/shot_5.png	7	149	56.5	309	216.5
rendered/data/cube_yellow/shot_6.png	7	161	56.5	321	216.5
rendered/data/cube_yellow/shot_7.png	7	151	68.5	311	228.5
rendered/data/cube_yellow/shot_8.png	7	159	69.5	319	229.5
rendered/data/cube_yellow/shot_9.png	7	149	57.5	309	217.5
rendered/data/cube_yellow/shot_10.png	7	152	64.5	312	224.5
rendered/data/cube_yellow/shot_11.png	7	161	51.5	321	211.5
rendered/data/cube_yellow/shot_12.png	7	144	63.5	304	223.5
rendered/data/cube_yellow/shot_13.png	7	173	72.5	333	232.5
rendered/data/cube_yellow/shot_14.png	7	175	65.5	335	225.5
rendered/data/cube_yellow/shot_15.png	7	166	61.5	326	221.5
rendered/data/cube_yellow/shot_16.png	7	154	54.5	314	214.5
rendered/data/cube_yellow/shot_17.png	7	153	71.5	313	231.5
rendered/data/cube_yellow/shot_18.png	7	165	51.5	325	211.5
rendered/data/cube_yellow/shot_19.png	7	160	50.5	320	210.5
rendered/data/cube_yellow/shot_20.png	7	157	70.5	317	230.5
rendered/data/cube_yellow/shot_21.png	7	169	71.5	329	231.5
rendered/data/cube_yellow/shot_22.png	7	149	51.5	309	211.5
rendered/data/cube_yellow/shot_23.png	7	169	44.5	329	204.5
rendered/data/cube_yellow/shot_24.png	7	159	73.5	319	233.5
rendered/data/cube_yellow/shot_25.png	7	146	73.5	306	233.5
rendered/data/cube_yellow/shot_26.png	7	151	66.5	311	226.5
rendered/data/cube_yellow/shot_27.png	7	165	44.5	325	204.5
rendered/data/cube_yellow/shot_28.png	7	144	56.5	304	216.5
rendered/data/cube_yellow/shot_29.png	7	167	65.5	327	225.5
rendered/data/cube_yellow/shot_30.png	7	167	55.5	327	215.5
rendered/data/cube_yellow/shot_31.png	7	156	45.5	316	205.5
rendered/data/cube_yellow/shot_32.png	7	160	54.5	320	214.5
rendered/data/cube_yellow/shot_33.png	7	147	71.5	307	231.5
rendered/data/cube_yellow/shot_34.png	7	160	48.5	320	208.5
rendered/data/cube_yellow/shot_35.png	7	175	67.5	335	227.5
rendered/data/cube_yellow/shot_36.png	7	163	48.5	323	208.5
rendered/data/cube_yellow/shot_37.png	7	172	42.5	332	202.5
rendered/data/cube_yellow/shot_38.png	7	168	60.5	328	220.5
rendered/data/cube_yellow/shot_39.png	7	173	63.5	333	223.5
rendered/data/cube_yellow/shot_40.png	7	164	63.5	324	223.5
rendered/data/cube_yellow/shot_41.png	7	173	60.5	333	220.5
rendered/data/cube_yellow/shot_42.png	7	148	51.5	308	211.5
rendered/data/cube_yellow/shot_43.png	7	166	53.5	326	213.5
rendered/data/cube_yellow/shot_44.png	7	152	73.5	312	233.5
rendered/data/cube_yellow/shot_45.png	7	151	71.5	311	231.5
rendered/data/cube_yellow/shot_46.png	7	150	70.5	310	230.5
rendered/data/cube_yellow/shot_47.png	7	164	62.5	324	222.5
rendered/data/cube_yellow/shot_48.png	7	148	56.5	308	216.5
rendered/data/cube_yellow/shot_49.png	7	173	62.5	333	222.5
rendered/data/cube_yellow/shot_50.png	7	166	46.5	326	206.5
rendered/data/cube_yellow/shot_51.png	7	147	71.5	307	231.5
rendered/data/cube_yellow/shot_52.png	7	172	50.5	332	210.5
rendered/data/cube_yellow/shot_53.png	7	145	68.5	305	228.5
rendered/data/cube_yellow/shot_54.png	7	151	66.5	311	226.5
rendered/data/cube_yellow/shot_55.png	7	173	58.5	333	218.5
rendered/data/cube_yellow/shot_56.png	7	175	63.5	335	223.5
rendered/data/cube_yellow/shot_57.png	7	148	73.5	308	233.5
rendered/data/cube_yellow/shot_58.png	7	173	69.5	333	229.5
rendered/data/cube_yellow/shot_59.png	7	145	53.5	305	213.5
rendered/data/cube_yellow/shot_60.png	7	162	62.5	322	222.5
rendered/data/cube_yellow/shot_61.png	7	163	63.5	323	223.5
rendered/data/cube_yellow/shot_62.png	7	158	52.5	318	212.5
rendered/data/cube_yellow/shot_63.png	7	170	71.5	330	231.5
rendered/data/cube_yellow/shot_64.png	7	154	56.5	314	216.5
rendered/data/cube_yellow/shot_65.png	7	170	54.5	330	214.5
rendered/data/cube_yellow/shot_66.png	7	154	70.5	314	230.5
rendered/data/cube_yellow/shot_67.png	7	147	66.5	307	226.5
rendered/data/cube_yellow/shot_68.png	7	172	68.5	332	228.5
rendered/data/cube_yellow/shot_69.png	7	153	54.5	313	214.5
rendered/data/cube_yellow/shot_70.png	7	145	52.5	305	212.5
rendered/data/cube_yellow/shot_71.png	7	165	50.5	325	210.5
rendered/data/cube_yellow/shot_72.png	7	159	54.5	319	214.5
rendered/data/cube_yellow/shot_73.png	7	144	56.5	304	216.5
rendered/data/cube_yellow/shot_74.png	7	164	67.5	324	227.5
rendered/data/cube_yellow/shot_75.png	7	151	57.5	311	217.5
rendered/data/cube_yellow/shot_76.png	7	160	51.5	320	211.5
rendered/data/cube_yellow/shot_77.png	7	150	50.5	310	210.5
rendered/data/cube_yellow/shot_78.png	7	150	61.5	310	221.5
rendered/data/cube_yellow/shot_79.png	7	172	72.5	332	232.5
rendered/data/cube_yellow/shot_80.png	7	156	51.5	316	211.5
rendered/data/cube_yellow/shot_81.png	7	174	56.5	334	216.5
rendered/data/cube_yellow/shot_82.png	7	154	54.5	314	214.5
rendered/data/cube_yellow/shot_83.png	7	151	66.5	311	226.5
rendered/data/cube_yellow/shot_84.png	7	167	47.5	327	207.5
rendered/data/cube_yellow/shot_85.png	7	155	50.5	315	210.5
rendered/data/cube_yellow/shot_86.png	7	164	65.5	324	225.5
rendered/data/cube_yellow/shot_87.png	7	166	73.5	326	233.5
rendered/data/cube_yellow/shot_88.png	7	171	59.5	331	219.5
rendered/data/cube_yellow/shot_89.png	7	175	69.5	335	229.5
rendered/data/cube_yellow/shot_90.png	7	151	42.5	311	202.5
rendered/data/cube_yellow/shot_91.png	7	156	69.5	316	229.5
rendered/data/cube_yellow/shot_92.png	7	173	50.5	333	210.5
rendered/data/cube_yellow/shot_93.png	7	145	64.5	305	224.5
rendered/data/cube_yellow/shot_94.png	7	149	65.5	309	225.5
rendered/data/cube_yellow/shot_95.png	7	174	45.5	334	205.5
rendered/data/cube_yellow/shot_96.png	7	167	60.5	327	220.5
rendered/data/cube_yellow/shot_97.png	7	150	71.5	310	231.5
rendered/data/cube_yellow/shot_98.png	7	175	44.5	335	204.5
rendered/data/cube_yellow/shot_99.png	7	171	56.5	331	216.5
rendered/data/star_purple/shot_0.png	8	161	51.5	321	211.5
rendered/data/star_purple/shot_1.png	8	158	52.5	318	212.5
rendered/data/star_purple/shot_2.png	8	174	70.5	334	230.5
rendered/data/star_purple/shot_3.png	8	167	60.5	327	220.5
rendered/data/star_purple/shot_4.png	8	155	67.5	315	227.5
rendered/data/star_purple/shot_5.png	8	165	66.5	325	226.5
rendered/data/star_purple/shot_6.png	8	151	52.5	311	212.5
rendered/data/star_purple/shot_7.png	8	162	56.5	322	216.5
rendered/data/star_purple/shot_8.png	8	174	62.5	334	222.5
rendered/data/star_purple/shot_9.png	8	169	72.5	329	232.5
rendered/data/star_purple/shot_10.png	8	149	53.5	309	213.5
rendered/data/star_purple/shot_11.png	8	175	48.5	335	208.5
rendered/data/star_purple/shot_12.png	8	175	50.5	335	210.5
rendered/data/star_purple/shot_13.png	8	155	71.5	315	231.5
rendered/data/star_purple/shot_14.png	8	156	46.5	316	206.5
rendered/data/star_purple/shot_15.png	8	147	56.5	307	216.5
rendered/data/star_purple/shot_16.png	8	159	56.5	319	216.5
rendered/data/star_purple/shot_17.png	8	164	70.5	324	230.5
rendered/data/star_purple/shot_18.png	8	175	69.5	335	229.5
rendered/data/star_purple/shot_19.png	8	146	58.5	306	218.5
rendered/data/star_purple/shot_20.png	8	159	55.5	319	215.5
rendered/data/star_purple/shot_21.png	8	173	68.5	333	228.5
rendered/data/star_purple/shot_22.png	8	173	65.5	333	225.5
rendered/data/star_purple/shot_23.png	8	155	70.5	315	230.5
rendered/data/star_purple/shot_24.png	8	167	69.5	327	229.5
rendered/data/star_purple/shot_25.png	8	168	67.5	328	227.5
rendered/data/star_purple/shot_26.png	8	157	48.5	317	208.5
rendered/data/star_purple/shot_27.png	8	174	71.5	334	231.5
rendered/data/star_purple/shot_28.png	8	168	72.5	328	232.5
rendered/data/star_purple/shot_29.png	8	149	54.5	309	214.5
rendered/data/star_purple/shot_30.png	8	159	51.5	319	211.5
rendered/data/star_purple/shot_31.png	8	158	44.5	318	204.5
rendered/data/star_purple/shot_32.png	8	152	61.5	312	221.5
rendered/data/star_purple/shot_33.png	8	165	67.5	325	227.5
rendered/data/star_purple/shot_34.png	8	173	56.5	333	216.5
rendered/data/star_purple/shot_35.png	8	150	67.5	310	227.5
rendered/data/star_purple/shot_36.png	8	152	61.5	312	221.5
rendered/data/star_purple/shot_37.png	8	161	73.5	321	233.5
rendered/data/star_purple/shot_38.png	8	151	68.5	311	228.5
rendered/data/star_purple/shot_39.png	8	151	47.5	311	207.5
rendered/data/star_purple/shot_40.png	8	160	60.5	320	220.5
rendered/data/star_purple/shot_41.png	8	165	56.5	325	216.5
rendered/data/star_purple/shot_42.png	8	175	54.5	335	214.5
rendered/data/star_purple/shot_43.png	8	167	58.5	327	218.5
rendered/data/star_purple/shot_44.png	8	168	53.5	328	213.5
rendered/data/star_purple/shot_45.png	8	145	42.5	305	202.5
rendered/data/star_purple/shot_46.png	8	171	62.5	331	222.5
rendered/data/star_purple/shot_47.png	8	170	62.5	330	222.5
rendered/data/star_purple/shot_48.png	8	164	49.5	324	209.5
rendered/data/star_purple/shot_49.png	8	159	57.5	319	217.5
rendered/data/star_purple/shot_50.png	8	151	52.5	311	212.5
rendered/data/star_purple/shot_51.png	8	146	61.5	306	221.5
rendered/data/star_purple/shot_52.png	8	167	56.5	327	216.5
rendered/data/star_purple/shot_53.png	8	153	49.5	313	209.5
rendered/data/star_purple/shot_54.png	8	173	68.5	333	228.5
rendered/data/star_purple/shot_55.png	8	172	56.5	332	216.5
rendered/data/star_purple/shot_56.png	8	152	70.5	312	230.5
rendered/data/star_purple/shot_57.png	8	146	53.5	306	213.5
rendered/data/star_purple/shot_58.png	8	164	56.5	324	216.5
rendered/data/star_purple/shot_59.png	8	164	64.5	324	224.5
rendered/data/star_purple/shot_60.png	8	171	68.5	331	228.5
rendered/data/star_purple/shot_61.png	8	154	48.5	314	208.5
rendered/data/star_purple/shot_62.png	8	151	55.5	311	215.5
rendered/data/star_purple/shot_63.png	8	163	50.5	323	210.5
rendered/data/star_purple/shot_64.png	8	144	70.5	304	230.5
rendered/data/star_purple/shot_65.png	8	174	71.5	334	231.5
rendered/data/star_purple/shot_66.png	8	164	42.5	324	202.5
rendered/data/star_purple/shot_67.png	8	168	44.5	328	204.5
rendered/data/star_purple/shot_68.png	8	153	57.5	313	217.5
rendered/data/star_purple/shot_69.png	8	150	72.5	310	232.5
rendered/data/star_purple/shot_70.png	8	160	54.5	320	214.5
rendered/data/star_purple/shot_71.png	8	169	42.5	329	202.5
rendered/data/star_purple/shot_72.png	8	172	43.5	332	203.5
rendered/data/star_purple/shot_73.png	8	164	50.5	324	210.5
rendered/data/star_purple/shot_74.png	8	162	57.5	322	217.5
rendered/data/star_purple/shot_75.png	8	165	42.5	325	202.5
rendered/data/star_purple/shot_76.png	8	175	67.5	335	227.5
rendered/data/star_purple/shot_77.png	8	155	71.5	315	231.5
rendered/data/star_purple/shot_78.png	8	168	62.5	328	222.5
rendered/data/star_purple/shot_79.png	8	170	53.5	330	213.5
rendered/data/star_purple/shot_80.png	8	166	69.5	326	229.5
rendered/data/star_purple/shot_81.png	8	168	63.5	328	223.5
rendered/data/star_purple/shot_82.png	8	161	63.5	321	223.5
rendered/data/star_purple/shot_83.png	8	159	65.5	319	225.5
rendered/data/star_purple/shot_84.png	8	174	62.5	334	222.5
rendered/data/star_purple/shot_85.png	8	166	70.5	326	230.5
rendered/data/star_purple/shot_86.png	8	158	62.5	318	222.5
rendered/data/star_purple/shot_87.png	8	150	59.5	310	219.5
rendered/data/star_purple/shot_88.png	8	152	46.5	312	206.5
rendered/data/star_purple/shot_89.png	8	171	48.5	331	208.5
rendered/data/star_purple/shot_90.png	8	159	50.5	319	210.5
rendered/data/star_purple/shot_91.png	8	153	71.5	313	231.5
rendered/data/star_purple/shot_92.png	8	170	65.5	330	225.5
rendered/data/star_purple/shot_93.png	8	160	49.5	320	209.5
rendered/data/star_purple/shot_94.png	8	163	45.5	323	205.5
rendered/data/star_purple/shot_95.png	8	159	58.5	319	218.5
rendered/data/star_purple/shot_96.png	8	162	70.5	322	230.5
rendered/data/star_purple/shot_97.png	8	151	44.5	311	204.5
rendered/data/star_purple/shot_98.png	8	169	62.5	329	222.5
rendered/data/star_purple/shot_99.png	8	163	61.5	323	221.5
rendered/data/cross_purple/shot_0.png	9	173	58.5	333	218.5
rendered/data/cross_purple/shot_1.png	9	172	53.5	332	213.5
rendered/data/cross_purple/shot_2.png	9	169	48.5	329	208.5
rendered/data/cross_purple/shot_3.png	9	165	50.5	325	210.5
rendered/data/cross_purple/shot_4.png	9	160	64.5	320	224.5
rendered/data/cross_purple/shot_5.png	9	164	48.5	324	208.5
rendered/data/cross_purple/shot_6.png	9	156	68.5	316	228.5
rendered/data/cross_purple/shot_7.png	9	150	64.5	310	224.5
rendered/data/cross_purple/shot_8.png	9	156	69.5	316	229.5
rendered/data/cross_purple/shot_9.png	9	173	68.5	333	228.5
rendered/data/cross_purple/shot_10.png	9	174	52.5	334	212.5
rendered/data/cross_purple/shot_11.png	9	156	51.5	316	211.5
rendered/data/cross_purple/shot_12.png	9	164	56.5	324	216.5
rendered/data/cross_purple/shot_13.png	9	149	67.5	309	227.5
rendered/data/cross_purple/shot_14.png	9	161	58.5	321	218.5
rendered/data/cross_purple/shot_15.png	9	153	54.5	313	214.5
rendered/data/cross_purple/shot_16.png	9	160	70.5	320	230.5
rendered/data/cross_purple/shot_17.png	9	159	70.5	319	230.5
rendered/data/cross_purple/shot_18.png	9	174	48.5	334	208.5
rendered/data/cross_purple/shot_19.png	9	146	71.5	306	231.5
rendered/data/cross_purple/shot_20.png	9	156	61.5	316	221.5
rendered/data/cross_purple/shot_21.png	9	151	45.5	311	205.5
rendered/data/cross_purple/shot_22.png	9	168	49.5	328	209.5
rendered/data/cross_purple/shot_23.png	9	167	71.5	327	231.5
rendered/data/cross_purple/shot_24.png	9	166	53.5	326	213.5
rendered/data/cross_purple/shot_25.png	9	146	58.5	306	218.5
rendered/data/cross_purple/shot_26.png	9	145	45.5	305	205.5
rendered/data/cross_purple/shot_27.png	9	152	46.5	312	206.5
rendered/data/cross_purple/shot_28.png	9	166	68.5	326	228.5
rendered/data/cross_purple/shot_29.png	9	168	72.5	328	232.5
rendered/data/cross_purple/shot_30.png	9	150	60.5	310	220.5
rendered/data/cross_purple/shot_31.png	9	169	70.5	329	230.5
rendered/data/cross_purple/shot_32.png	9	145	71.5	305	231.5
rendered/data/cross_purple/shot_33.png	9	160	64.5	320	224.5
rendered/data/cross_purple/shot_34.png	9	152	55.5	312	215.5
rendered/data/cross_purple/shot_35.png	9	149	68.5	309	228.5
rendered/data/cross_purple/shot_36.png	9	155	42.5	315	202.5
rendered/data/cross_purple/shot_37.png	9	166	52.5	326	212.5
rendered/data/cross_purple/shot_38.png	9	165	62.5	325	222.5
rendered/data/cross_purple/shot_39.png	9	168	51.5	328	211.5
rendered/data/cross_purple/shot_40.png	9	162	47.5	322	207.5
rendered/data/cross_purple/shot_41.png	9	144	70.5	304	230.5
rendered/data/cross_purple/shot_42.png	9	153	43.5	313	203.5
rendered/data/cross_purple/shot_43.png	9	174	49.5	334	209.5
rendered/data/cross_purple/shot_44.png	9	159	49.5	319	209.5
rendered/data/cross_purple/shot_45.png	9	167	51.5	327	211.5
rendered/data/cross_purple/shot_46.png	9	172	59.5	332	219.5
rendered/data/cross_purple/shot_47.png	9	156	60.5	316	220.5
rendered/data/cross_purple/shot_48.png	9	150	59.5	310	219.5
rendered/data/cross_purple/shot_49.png	9	148	70.5	308	230.5
rendered/data/cross_purple/shot_50.png	9	169	54.5	329	214.5
rendered/data/cross_purple/shot_51.png	9	172	52.5	332	212.5
rendered/data/cross_purple/shot_52.png	9	158	69.5	318	229.5
rendered/data/cross_purple/shot_53.png	9	156	67.5	316	227.5
rendered/data/cross_purple/shot_54.png	9	145	51.5	305	211.5
rendered/data/cross_purple/shot_55.png	9	165	72.5	325	232.5
rendered/data/cross_purple/shot_56.png	9	162	42.5	322	202.5
rendered/data/cross_purple/shot_57.png	9	170	53.5	330	213.5
rendered/data/cross_purple/shot_58.png	9	156	62.5	316	222.5
rendered/data/cross_purple/shot_59.png	9	144	43.5	304	203.5
rendered/data/cross_purple/shot_60.png	9	148	47.5	308	207.5
rendered/data/cross_purple/shot_61.png	9	157	45.5	317	205.5
rendered/data/cross_purple/shot_62.png	9	165	71.5	325	231.5
rendered/data/cross_purple/shot_63.png	9	161	63.5	321	223.5
rendered/data/cross_purple/shot_64.png	9	168	48.5	328	208.5
rendered/data/cross_purple/shot_65.png	9	161	43.5	321	203.5
rendered/data/cross_purple/shot_66.png	9	153	68.5	313	228.5
rendered/data/cross_purple/shot_67.png	9	157	42.5	317	202.5
rendered/data/cross_purple/shot_68.png	9	168	53.5	328	213.5
rendered/data/cross_purple/shot_69.png	9	153	46.5	313	206.5
rendered/data/cross_purple/shot_70.png	9	171	68.5	331	228.5
rendered/data/cross_purple/shot_71.png	9	170	71.5	330	231.5
rendered/data/cross_purple/shot_72.png	9	163	48.5	323	208.5
rendered/data/cross_purple/shot_73.png	9	155	61.5	315	221.5
rendered/data/cross_purple/shot_74.png	9	168	55.5	328	215.5
rendered/data/cross_purple/shot_75.png	9	152	64.5	312	224.5
rendered/data/cross_purple/shot_76.png	9	144	52.5	304	212.5
rendered/data/cross_purple/shot_77.png	9	169	68.5	329	228.5
rendered/data/cross_purple/shot_78.png	9	151	50.5	311	210.5
rendered/data/cross_purple/shot_79.png	9	149	55.5	309	215.5
rendered/data/cross_purple/shot_80.png	9	159	69.5	319	229.5
rendered/data/cross_purple/shot_81.png	9	155	49.5	315	209.5
rendered/data/cross_purple/shot_82.png	9	169	66.5	329	226.5
rendered/data/cross_purple/shot_83.png	9	146	72.5	306	232.5
rendered/data/cross_purple/shot_84.png	9	169	59.5	329	219.5
rendered/data/cross_purple/shot_85.png	9	175	60.5	335	220.5
rendered/data/cross_purple/shot_86.png	9	173	72.5	333	232.5
rendered/data/cross_purple/shot_87.png	9	163	69.5	323	229.5
rendered/data/cross_purple/shot_88.png	9	164	67.5	324	227.5
rendered/data/cross_purple/shot_89.png	9	166	72.5	326	232.5
rendered/data/cross_purple/shot_90.png	9	148	43.5	308	203.5
rendered/data/cross_purple/shot_91.png	9	150	53.5	310	213.5
rendered/data/cross_purple/shot_92.png	9	162	61.5	322	221.5
rendered/data/cross_purple/shot_93.png	9	161	71.5	321	231.5
rendered/data/cross_purple/shot_94.png	9	163	54.5	323	214.5
rendered/data/cross_purple/shot_95.png	9	161	64.5	321	224.5
rendered/data/cross_purple/shot_96.png	9	175	46.5	335	206.5
rendered/data/cross_purple/shot_97.png	9	155	46.5	315	206.5
rendered/data/cross_purple/shot_98.png	9	167	47.5	327	207.5
rendered/data/cross_purple/shot_99.png	9	153	60.5	313	220.5
rendered/data/cylinder_green/shot_0.png	10	162	50.5	322	210.5
rendered/data/cylinder_green/shot_1.png	10	151	70.5	311	230.5
rendered/data/cylinder_green/shot_2.png	10	157	69.5	317	229.5
rendered/data/cylinder_green/shot_3.png	10	147	68.5	307	228.5
rendered/data/cylinder_green/shot_4.png	10	149	55.5	309	215.5
rendered/data/cylinder_green/shot_5.png	10	167	54.5	327	214.5
rendered/data/cylinder_green/shot_6.png	10	161	61.5	321	221.5
rendered/data/cylinder_green/shot_7.png	10	147	51.5	307	211.5
rendered/data/cylinder_green/shot_8.png	10	164	45.5	324	205.5
rendered/data/cylinder_green/shot_9.png	10	149	61.5	309	221.5
rendered/data/cylinder_green/shot_10.png	10	172	42.5	332	202.5
rendered/data/cylinder_green/shot_11.png	10	172	73.5	332	233.5
rendered/data/cylinder_green/shot_12.png	10	151	57.5	311	217.5
rendered/data/cylinder_green/shot_13.png	10	167	55.5	327	215.5
rendered/data/cylinder_green/shot_14.png	10	158	53.5	318	213.5
rendered/data/cylinder_green/shot_15.png	10	168	51.5	328	211.5
rendered/data/cylinder_green/shot_16.png	10	163	54.5	323	214.5
rendered/data/cylinder_green/shot_17.png	10	169	66.5	329	226.5
rendered/data/cylinder_green/shot_18.png	10	170	63.5	330	223.5
rendered/data/cylinder_green/shot_19.png	10	154	43.5	314	203.5
rendered/data/cylinder_green/shot_20.png	10	167	66.5	327	226.5
rendered/data/cylinder_green/shot_21.png	10	174	54.5	334	214.5
rendered/data/cylinder_green/shot_22.png	10	163	56.5	323	216.5
rendered/data/cylinder_green/shot_23.png	10	174	71.5	334	231.5
rendered/data/cylinder_green/shot_24.png	10	173	54.5	333	214.5
rendered/data/cylinder_green/shot_25.png	10	170	50.5	330	210.5
rendered/data/cylinder_green/shot_26.png	10	151	57.5	311	217.5
rendered/data/cylinder_green/shot_27.png	10	175	69.5	335	229.5
rendered/data/cylinder_green/shot_28.png	10	163	55.5	323	215.5
rendered/data/cylinder_green/shot_29.png	10	167	42.5	327	202.5
rendered/data/cylinder_green/shot_30.png	10	146	72.5	306	232.5
rendered/data/cylinder_green/shot_31.png	10	145	67.5	305	227.5
rendered/data/cylinder_green/shot_32.png	10	151	49.5	311	209.5
rendered/data/cylinder_green/shot_33.png	10	151	59.5	311	219.5
rendered/data/cylinder_green/shot_34.png	10	169	43.5	329	203.5
rendered/data/cylinder_green/shot_35.png	10	153	70.5	313	230.5
rendered/data/cylinder_green/shot_36.png	10	168	44.5	328	204.5
rendered/data/cylinder_green/shot_37.png	10	166	59.5	326	219.5
rendered/data/cylinder_green/shot_38.png	10	148	59.5	308	219.5
rendered/data/cylinder_green/shot_39.png	10	154	45.5	314	205.5
rendered/data/cylinder_green/shot_40.png	10	170	66.5	330	226.5
rendered/data/cylinder_green/shot_41.png	10	156	56.5	316	216.5
rendered/data/cylinder_green/shot_42.png	10	147	64.5	307	224.5
rendered/data/cylinder_green/shot_43.png	10	153	65.5	313	225.5
rendered/data/cylinder_green/shot_44.png	10	156	73.5	316	233.5
rendered/data/cylinder_green/shot_45.png	10	145	58.5	305	218.5
rendered/data/cylinder_green/shot_46.png	10	151	50.5	311	210.5
rendered/data/cylinder_green/shot_47.png	10	172	64.5	332	224.5
rendered/data/cylinder_green/shot_48.png	10	156	54.5	316	214.5
rendered/data/cylinder_green/shot_49.png	10	153	66.5	313	226.5
rendered/data/cylinder_green/shot_50.png	10	151	50.5	311	210.5
rendered/data/cylinder_green/shot_51.png	10	175	46.5	335	206.5
rendered/data/cylinder_green/shot_52.png	10	170	56.5	330	216.5
rendered/data/cylinder_green/shot_53.png	10	157	43.5	317	203.5
rendered/data/cylinder_green/shot_54.png	10	152	47.5	312	207.5
rendered/data/cylinder_green/shot_55.png	10	145	54.5	305	214.5
rendered/data/cylinder_green/shot_56.png	10	160	50.5	320	210.5
rendered/data/cylinder_green/shot_57.png	10	149	47.5	309	207.5
rendered/data/cylinder_green/shot_58.png	10	169	48.5	329	208.5
rendered/data/cylinder_green/shot_59.png	10	146	61.5	306	221.5
rendered/data/cylinder_green/shot_60.png	10	161	59.5	321	219.5
rendered/data/cylinder_green/shot_61.png	10	170	61.5	330	221.5
rendered/data/cylinder_green/shot_62.png	10	151	50.5	311	210.5
rendered/data/cylinder_green/shot_63.png	10	147	44.5	307	204.5
rendered/data/cylinder_green/shot_64.png	10	152	45.5	312	205.5
rendered/data/cylinder_green/shot_65.png	10	153	54.5	313	214.5
rendered/data/cylinder_green/shot_66.png	10	161	61.5	321	221.5
rendered/data/cylinder_green/shot_67.png	10	156	48.5	316	208.5
rendered/data/cylinder_green/shot_68.png	10	152	43.5	312	203.5
rendered/data/cylinder_green/shot_69.png	10	158	54.5	318	214.5
rendered/data/cylinder_green/shot_70.png	10	170	67.5	330	227.5
rendered/data/cylinder_green/shot_71.png	10	158	45.5	318	205.5
rendered/data/cylinder_green/shot_72.png	10	156	50.5	316	210.5
rendered/data/cylinder_green/shot_73.png	10	169	50.5	329	210.5
rendered/data/cylinder_green/shot_74.png	10	149	69.5	309	229.5
rendered/data/cylinder_green/shot_75.png	10	151	50.5	311	210.5
rendered/data/cylinder_green/shot_76.png	10	159	66.5	319	226.5
rendered/data/cylinder_green/shot_77.png	10	150	55.5	310	215.5
rendered/data/cylinder_green/shot_78.png	10	160	70.5	320	230.5
rendered/data/cylinder_green/shot_79.png	10	152	70.5	312	230.5
rendered/data/cylinder_green/shot_80.png	10	163	63.5	323	223.5
rendered/data/cylinder_green/shot_81.png	10	175	62.5	335	222.5
rendered/data/cylinder_green/shot_82.png	10	174	51.5	334	211.5
rendered/data/cylinder_green/shot_83.png	10	154	58.5	314	218.5
rendered/data/cylinder_green/shot_84.png	10	161	44.5	321	204.5
rendered/data/cylinder_green/shot_85.png	10	152	55.5	312	215.5
rendered/data/cylinder_green/shot_86.png	10	162	43.5	322	203.5
rendered/data/cylinder_green/shot_87.png	10	166	66.5	326	226.5
rendered/data/cylinder_green/shot_88.png	10	146	53.5	306	213.5
rendered/data/cylinder_green/shot_89.png	10	148	52.5	308	212.5
rendered/data/cylinder_green/shot_90.png	10	168	69.5	328	229.5
rendered/data/cylinder_green/shot_91.png	10	162	45.5	322	205.5
rendered/data/cylinder_green/shot_92.png	10	174	67.5	334	227.5
rendered/data/cylinder_green/shot_93.png	10	173	61.5	333	221.5
rendered/data/cylinder_green/shot_94.png	10	170	48.5	330	208.5
rendered/data/cylinder_green/shot_95.png	10	169	49.5	329	209.5
rendered/data/cylinder_green/shot_96.png	10	170	61.5	330	221.5
rendered/data/cylinder_green/shot_97.png	10	154	44.5	314	204.5
rendered/data/cylinder_green/shot_98.png	10	174	48.5	334	208.5
rendered/data/cylinder_green/shot_99.png	10	150	50.5	310	210.5
rendered/data/sphere_red/shot_0.png	11	168	68.5	328	228.5
rendered/data/sphere_red/shot_1.png	11	163	57.5	323	217.5
rendered/data/sphere_red/shot_2.png	11	174	67.5	334	227.5
rendered/data/sphere_red/shot_3.png	11	152	52.5	312	212.5
rendered/data/sphere_red/shot_4.png	11	148	49.5	308	209.5
rendered/data/sphere_red/shot_5.png	11	150	56.5	310	216.5
rendered/data/sphere_red/shot_6.png	11	151	73.5	311	233.5
rendered/data/sphere_red/shot_7.png	11	166	73.5	326	233.5
rendered/data/sphere_red/shot_8.png	11	172	57.5	332	217.5
rendered/data/sphere_red/shot_9.png	11	144	48.5	304	208.5
rendered/data/sphere_red/shot_10.png	11	159	72.5	319	232.5
rendered/data/sphere_red/shot_11.png	11	150	49.5	310	209.5
rendered/data/sphere_red/shot_12.png	11	146	63.5	306	223.5
rendered/data/sphere_red/shot_13.png	11	167	58.5	327	218.5
rendered/data/sphere_red/shot_14.png	11	147	69.5	307	229.5
rendered/data/sphere_red/shot_15.png	11	145	67.5	305	227.5
rendered/data/sphere_red/shot_16.png	11	164	48.5	324	208.5
rendered/data/sphere_red/shot_17.png	11	167	64.5	327	224.5
rendered/data/sphere_red/shot_18.png	11	146	72.5	306	232.5
rendered/data/sphere_red/shot_19.png	11	173	44.5	333	204.5
rendered/data/sphere_red/shot_20.png	11	155	60.5	315	220.5
rendered/data/sphere_red/shot_21.png	11	166	52.5	326	212.5
rendered/data/sphere_red/shot_22.png	11	168	49.5	328	209.5
rendered/data/sphere_red/shot_23.png	11	156	44.5	316	204.5
rendered/data/sphere_red/shot_24.png	11	152	47.5	312	207.5
rendered/data/sphere_red/shot_25.png	11	144	56.5	304	216.5
rendered/data/sphere_red/shot_26.png	11	175	44.5	335	204.5
rendered/data/sphere_red/shot_27.png	11	162	44.5	322	204.5
rendered/data/sphere_red/shot_28.png	11	150	50.5	310	210.5
rendered/data/sphere_red/shot_29.png	11	146	60.5	306	220.5
rendered/data/sphere_red/shot_30.png	11	166	44.5	326	204.5
rendered/data/sphere_red/shot_31.png	11	151	72.5	311	232.5
rendered/data/sphere_red/shot_32.png	11	145	42.5	305	202.5
rendered/data/sphere_red/shot_33.png	11	168	56.5	328	216.5
rendered/data/sphere_red/shot_34.png	11	144	59.5	304	219.5
rendered/data/sphere_red/shot_35.png	11	164	43.5	324	203.5
rendered/data/sphere_red/shot_36.png	11	168	43.5	328	203.5
rendered/data/sphere_red/shot_37.png	11	157	68.5	317	228.5
rendered/data/sphere_red/shot_38.png	11	165	63.5	325	223.5
rendered/data/sphere_red/shot_39.png	11	169	44.5	329	204.5
rendered/data/sphere_red/shot_40.png	11	175	64.5	335	224.5
rendered/data/sphere_red/shot_41.png	11	166	65.5	326	225.5
rendered/data/sphere_red/shot_42.png	11	157	43.5	317	203.5
rendered/data/sphere_red/shot_43.png	11	156	56.5	316	216.5
rendered/data/sphere_red/shot_44.png	11	169	61.5	329	221.5
rendered/data/sphere_red/shot_45.png	11	159	58.5	319	218.5
rendered/data/sphere_red/shot_46.png	11	164	50.5	324	210.5
rendered/data/sphere_red/shot_47.png	11	153	63.5	313	223.5
rendered/data/sphere_red/shot_48.png	11	173	65.5	333	225.5
rendered/data/sphere_red/shot_49.png	11	169	63.5	329	223.5
rendered/data/sphere_red/shot_50.png	11	158	46.5	318	206.5
rendered/data/sphere_red/shot_51.png	11	156	61.5	316	221.5
rendered/data/sphere_red/shot_52.png	11	145	69.5	305	229.5
rendered/data/sphere_red/shot_53.png	11	167	45.5	327	205.5
rendered/data/sphere_red/shot_54.png	11	162	71.5	322	231.5
rendered/data/sphere_red/shot_55.png	11	146	71.5	306	231.5
rendered/data/sphere_red/shot_56.png	11	159	49.5	319	209.5
rendered/data/sphere_red/shot_57.png	11	159	62.5	319	222.5
rendered/data/sphere_red/shot_58.png	11	163	47.5	323	207.5
rendered/data/sphere_red/shot_59.png	11	144	55.5	304	215.5
rendered/data/sphere_red/shot_60.png	11	148	63.5	308	223.5
rendered/data/sphere_red/shot_61.png	11	172	47.5	332	207.5
rendered/data/sphere_red/shot_62.png	11	166	49.5	326	209.5
rendered/data/sphere_red/shot_63.png	11	171	64.5	331	224.5
rendered/data/sphere_red/shot_64.png	11	148	45.5	308	205.5
rendered/data/sphere_red/shot_65.png	11	161	55.5	321	215.5
rendered/data/sphere_red/shot_66.png	11	169	44.5	329	204.5
rendered/data/sphere_red/shot_67.png	11	168	62.5	328	222.5
rendered/data/sphere_red/shot_68.png	11	158	48.5	318	208.5
rendered/data/sphere_red/shot_69.png	11	171	43.5	331	203.5
rendered/data/sphere_red/shot_70.png	11	169	45.5	329	205.5
rendered/data/sphere_red/shot_71.png	11	149	62.5	309	222.5
rendered/data/sphere_red/shot_72.png	11	171	73.5	331	233.5
rendered/data/sphere_red/shot_73.png	11	166	61.5	326	221.5
rendered/data/sphere_red/shot_74.png	11	146	66.5	306	226.5
rendered/data/sphere_red/shot_75.png	11	156	71.5	316	231.5
rendered/data/sphere_red/shot_76.png	11	165	59.5	325	219.5
rendered/data/sphere_red/shot_77.png	11	150	43.5	310	203.5
rendered/data/sphere_red/shot_78.png	11	152	49.5	312	209.5
rendered/data/sphere_red/shot_79.png	11	147	46.5	307	206.5
rendered/data/sphere_red/shot_80.png	11	160	44.5	320	204.5
rendered/data/sphere_red/shot_81.png	11	155	49.5	315	209.5
rendered/data/sphere_red/shot_82.png	11	170	60.5	330	220.5
rendered/data/sphere_red/shot_83.png	11	171	64.5	331	224.5
rendered/data/sphere_red/shot_84.png	11	168	65.5	328	225.5
rendered/data/sphere_red/shot_85.png	11	172	46.5	332	206.5
rendered/data/sphere_red/shot_86.png	11	173	64.5	333	224.5
rendered/data/sphere_red/shot_87.png	11	172	63.5	332	223.5
rendered/data/sphere_red/shot_88.png	11	163	48.5	323	208.5
rendered/data/sphere_red/shot_89.png	11	174	46.5	334	206.5
rendered/data/sphere_red/shot_90.png	11	172	49.5	332	209.5
rendered/data/sphere_red/shot_91.png	11	162	46.5	322	206.5
rendered/data/sphere_red/shot_92.png	11	151	72.5	311	232.5
rendered/data/sphere_red/shot_93.png	11	165	68.5	325	228.5
rendered/data/sphere_red/shot_94.png	11	145	73.5	305	233.5
rendered/data/sphere_red/shot_95.png	11	149	45.5	309	205.5
rendered/data/sphere_red/shot_96.png	11	148	58.5	308	218.5
rendered/data/sphere_red/shot_97.png	11	160	72.5	320	232.5
rendered/data/sphere_red/shot_98.png	11	153	55.5	313	215.5
rendered/data/sphere_red/shot_99.png	11	171	51.5	331	211.5
rendered/data/sphere_yellow/shot_0.png	12	151	47.5	311	207.5
rendered/data/sphere_yellow/shot_1.png	12	151	56.5	311	216.5
rendered/data/sphere_yellow/shot_2.png	12	169	45.5	329	205.5
rendered/data/sphere_yellow/shot_3.png	12	147	71.5	307	231.5
rendered/data/sphere_yellow/shot_4.png	12	160	57.5	320	217.5
rendered/data/sphere_yellow/shot_5.png	12	154	71.5	314	231.5
rendered/data/sphere_yellow/shot_6.png	12	167	68.5	327	228.5
rendered/data/sphere_yellow/shot_7.png	12	166	43.5	326	203.5
rendered/data/sphere_yellow/shot_8.png	12	144	56.5	304	216.5
rendered/data/sphere_yellow/shot_9.png	12	156	56.5	316	216.5
rendered/data/sphere_yellow/shot_10.png	12	159	66.5	319	226.5
rendered/data/sphere_yellow/shot_11.png	12	162	65.5	322	225.5
rendered/data/sphere_yellow/shot_12.png	12	171	60.5	331	220.5
rendered/data/sphere_yellow/shot_13.png	12	151	47.5	311	207.5
rendered/data/sphere_yellow/shot_14.png	12	150	63.5	310	223.5
rendered/data/sphere_yellow/shot_15.png	12	160	70.5	320	230.5
rendered/data/sphere_yellow/shot_16.png	12	169	71.5	329	231.5
rendered/data/sphere_yellow/shot_17.png	12	167	42.5	327	202.5
rendered/data/sphere_yellow/shot_18.png	12	161	42.5	321	202.5
rendered/data/sphere_yellow/shot_19.png	12	169	63.5	329	223.5
rendered/data/sphere_yellow/shot_20.png	12	160	61.5	320	221.5
rendered/data/sphere_yellow/shot_21.png	12	149	52.5	309	212.5
rendered/data/sphere_yellow/shot_22.png	12	148	69.5	308	229.5
rendered/data/sphere_yellow/shot_23.png	12	154	61.5	314	221.5
rendered/data/sphere_yellow/shot_24.png	12	150	71.5	310	231.5
rendered/data/sphere_yellow/shot_25.png	12	154	59.5	314	219.5
rendered/data/sphere_yellow/shot_26.png	12	167	69.5	327	229.5
rendered/data/sphere_yellow/shot_27.png	12	153	51.5	313	211.5
rendered/data/sphere_yellow/shot_28.png	12	153	59.5	313	219.5
rendered/data/sphere_yellow/shot_29.png	12	158	64.5	318	224.5
rendered/data/sphere_yellow/shot_30.png	12	161	65.5	321	225.5
rendered/data/sphere_yellow/shot_31.png	12	157	62.5	317	222.5
rendered/data/sphere_yellow/shot_32.png	12	169	69.5	329	229.5
rendered/data/sphere_yellow/shot_33.png	12	162	61.5	322	221.5
rendered/data/sphere_yellow/shot_34.png	12	173	70.5	333	230.5
rendered/data/sphere_yellow/shot_35.png	12	154	70.5	314	230.5
rendered/data/sphere_yellow/shot_36.png	12	145	68.5	305	228.5
rendered/data/sphere_yellow/shot_37.png	12	173	67.5	333	227.5
rendered/data/sphere_yellow/shot_38.png	12	166	62.5	326	222.5
rendered/data/sphere_yellow/shot_39.png	12	145	69.5	305	229.5
rendered/data/sphere_yellow/shot_40.png	12	150	44.5	310	204.5
rendered/data/sphere_yellow/shot_41.png	12	145	55.5	305	215.5
rendered/data/sphere_yellow/shot_42.png	12	150	43.5	310	203.5
rendered/data/sphere_yellow/shot_43.png	12	165	71.5	325	231.5
rendered/data/sphere_yellow/shot_44.png	12	153	73.5	313	233.5
rendered/data/sphere_yellow/shot_45.png	12	149	68.5	309	228.5
rendered/data/sphere_yellow/shot_46.png	12	168	66.5	328	226.5
rendered/data/sphere_yellow/shot_47.png	12	148	65.5	308	225.5
rendered/data/sphere_yellow/shot_48.png	12	147	50.5	307	210.5
rendered/data/sphere_yellow/shot_49.png	12	157	62.5	317	222.5
rendered/data/sphere_yellow/shot_50.png	12	158	49.5	318	209.5
rendered/data/sphere_yellow/shot_51.png	12	166	71.5	326	231.5
rendered/data/sphere_yellow/shot_52.png	12	165	72.5	325	232.5
rendered/data/sphere_yellow/shot_53.png	12	160	57.5	320	217.5
rendered/data/sphere_yellow/shot_54.png	12	153	62.5	313	222.5
rendered/data/sphere_yellow/shot_55.png	12	149	56.5	309	216.5
rendered/data/sphere_yellow/shot_56.png	12	168	53.5	328	213.5
rendered/data/sphere_yellow/shot_57.png	12	175	47.5	335	207.5
rendered/data/sphere_yellow/shot_58.png	12	158	53.5	318	213.5
rendered/data/sphere_yellow/shot_59.png	12	172	59.5	332	219.5
rendered/data/sphere_yellow/shot_60.png	12	148	49.5	308	209.5
rendered/data/sphere_yellow/shot_61.png	12	175	52.5	335	212.5
rendered/data/sphere_yellow/shot_62.png	12	149	68.5	309	228.5
rendered/data/sphere_yellow/shot_63.png	12	156	63.5	316	223.5
rendered/data/sphere_yellow/shot_64.png	12	167	64.5	327	224.5
rendered/data/sphere_yellow/shot_65.png	12	147	64.5	307	224.5
rendered/data/sphere_yellow/shot_66.png	12	161	44.5	321	204.5
rendered/data/sphere_yellow/shot_67.png	12	163	56.5	323	216.5
rendered/data/sphere_yellow/shot_68.png	12	163	52.5	323	212.5
rendered/data/sphere_yellow/shot_69.png	12	151	62.5	311	222.5
rendered/data/sphere_yellow/shot_70.png	12	168	70.5	328	230.5
rendered/data/sphere_yellow/shot_71.png	12	174	57.5	334	217.5
rendered/data/sphere_yellow/shot_72.png	12	174	63.5	334	223.5
rendered/data/sphere_yellow/shot_73.png	12	165	65.5	325	225.5
rendered/data/sphere_yellow/shot_74.png	12	163	62.5	323	222.5
rendered/data/sphere_yellow/shot_75.png	12	163	62.5	323	222.5
rendered/data/sphere_yellow/shot_76.png	12	171	57.5	331	217.5
rendered/data/sphere_yellow/shot_77.png	12	158	65.5	318	225.5
rendered/data/sphere_yellow/shot_78.png	12	170	44.5	330	204.5
rendered/data/sphere_yellow/shot_79.png	12	144	65.5	304	225.5
rendered/data/sphere_yellow/shot_80.png	12	160	56.5	320	216.5
rendered/data/sphere_yellow/shot_81.png	12	164	68.5	324	228.5
rendered/data/sphere_yellow/shot_82.png	12	151	70.5	311	230.5
rendered/data/sphere_yellow/shot_83.png	12	149	64.5	309	224.5
rendered/data/sphere_yellow/shot_84.png	12	169	44.5	329	204.5
rendered/data/sphere_yellow/shot_85.png	12	169	72.5	329	232.5
rendered/data/sphere_yellow/shot_86.png	12	157	70.5	317	230.5
rendered/data/sphere_yellow/shot_87.png	12	173	60.5	333	220.5
rendered/data/sphere_yellow/shot_88.png	12	150	60.5	310	220.5
rendered/data/sphere_yellow/shot_89.png	12	149	58.5	309	218.5
rendered/data/sphere_yellow/shot_90.png	12	174	42.5	334	202.5
rendered/data/sphere_yellow/shot_91.png	12	173	51.5	333	211.5
rendered/data/sphere_yellow/shot_92.png	12	154	70.5	314	230.5
rendered/data/sphere_yellow/shot_93.png	12	175	64.5	335	224.5
rendered/data/sphere_yellow/shot_94.png	12	146	52.5	306	212.5
rendered/data/sphere_yellow/shot_95.png	12	152	57.5	312	217.5
rendered/data/sphere_yellow/shot_96.png	12	166	47.5	326	207.5
rendered/data/sphere_yellow/shot_97.png	12	167	56.5	327	216.5
rendered/data/sphere_yellow/shot_98.png	12	174	47.5	334	207.5
rendered/data/sphere_yellow/shot_99.png	12	151	60.5	311	220.5
